timestamp,call_id,session_id,parent_call_id,day_number,model,call_type,call_subtype,input_tokens,output_tokens,cache_read_tokens,total_tokens,total_cost_usd,latency_ms,status,error_message,decisions_count,watchlist_symbols,actions_summary,system_prompt_file,user_prompt_file,response_file
2026-05-07 09:01:41,20260507_090140_NEWS_SUMMARY_001,20260505_020715,,0,claude-haiku-4-5-20251001,NEWS_SUMMARY,,3692,175,0,3867,0.004567,1659,SUCCESS,,0,,,logs/llm/system/system_prompt_c474d8adfdd9.txt,logs/llm/prompts/20260507_090140_NEWS_SUMMARY_001.txt,logs/llm/responses/20260507_090140_NEWS_SUMMARY_001.json
2026-05-07 09:02:44,20260507_090156_MARKET_PULSE_001,20260505_020715,,0,claude-sonnet-4-6,MARKET_PULSE,,11859,2365,0,14224,0.10601,48355,SUCCESS,,0,"PNBHOUSING,GOLDBEES,ADANIPORTS,HAL,NAVINFLUOR,COFORGE,AUROPHARMA,LUPIN,BIOCON,MARICO,LAURUSLABS,NEULANDLAB,SRF,HINDPETRO,VEDL,GRSE,M&M,DABUR,AJANTPHARM,GABRIEL,CHOLAHLDNG,NIFTYBEES,BHARATFORG,BSE",,logs/llm/system/system_prompt_facca3483557.txt,logs/llm/prompts/20260507_090156_MARKET_PULSE_001.txt,logs/llm/responses/20260507_090156_MARKET_PULSE_001.json
2026-05-07 09:09:54,20260507_090851_TRADING_DECISION_001,20260505_020715,,0,claude-opus-4-7,TRADING_DECISION,,33157,4524,0,37681,0.359079,63694,SUCCESS,,13,,MODIFY PNBHOUSING; HOLD PNBHOUSING; HOLD GOLDBEES; MODIFY ADANIPORTS; HOLD HAL; HOLD NAVINFLUOR; HOLD TITAGARH; HOLD ABCAPITAL; HOLD MARICO; HOLD COFORGE; HOLD GRSE; HOLD CAMS; MODIFY ADANIPORTS,logs/llm/system/system_prompt_facca3483557.txt,logs/llm/prompts/20260507_090851_TRADING_DECISION_001.txt,logs/llm/responses/20260507_090851_TRADING_DECISION_001.json
2026-05-07 09:11:19,20260507_091020_TRADING_DECISION_001,20260505_020715,,0,claude-opus-4-7,TRADING_DECISION,,32629,4316,12831,36945,0.27746,58620,SUCCESS,,11,,MODIFY PNBHOUSING; MODIFY GOLDBEES; MODIFY ADANIPORTS; HOLD HAL; MODIFY NAVINFLUOR; HOLD TITAGARH; MODIFY ABCAPITAL; HOLD MARICO; HOLD COFORGE; HOLD GRSE; MODIFY CAMS,logs/llm/system/system_prompt_facca3483557.txt,logs/llm/prompts/20260507_091020_TRADING_DECISION_001.txt,logs/llm/responses/20260507_091020_TRADING_DECISION_001.json
2026-05-07 09:12:35,20260507_091134_TRADING_DECISION_001,20260505_020715,,0,claude-opus-4-7,TRADING_DECISION,,34181,4404,12831,38585,0.287421,60379,SUCCESS,,11,,MODIFY PNBHOUSING; MODIFY GOLDBEES; MODIFY ADANIPORTS; MODIFY HAL; MODIFY NAVINFLUOR; MODIFY TITAGARH; MODIFY ABCAPITAL; MODIFY MARICO; MODIFY COFORGE; MODIFY GRSE; MODIFY CAMS,logs/llm/system/system_prompt_facca3483557.txt,logs/llm/prompts/20260507_091134_TRADING_DECISION_001.txt,logs/llm/responses/20260507_091134_TRADING_DECISION_001.json
2026-05-07 09:13:59,20260507_091249_TRADING_DECISION_001,20260505_020715,,0,claude-opus-4-7,TRADING_DECISION,,33868,4749,12831,38617,0.294481,70300,SUCCESS,,11,,MODIFY PNBHOUSING; HOLD GOLDBEES; MODIFY ADANIPORTS; MODIFY HAL; MODIFY NAVINFLUOR; MODIFY TITAGARH; MODIFY ABCAPITAL; MODIFY MARICO; MODIFY COFORGE; MODIFY GRSE; MODIFY CAMS,logs/llm/system/system_prompt_facca3483557.txt,logs/llm/prompts/20260507_091249_TRADING_DECISION_001.txt,logs/llm/responses/20260507_091249_TRADING_DECISION_001.json
2026-05-07 09:32:05,20260507_093204_NEWS_SUMMARY_001,20260505_020715,,0,claude-haiku-4-5-20251001,NEWS_SUMMARY,,3676,79,0,3755,0.004071,1683,SUCCESS,,0,,,logs/llm/system/system_prompt_c474d8adfdd9.txt,logs/llm/prompts/20260507_093204_NEWS_SUMMARY_001.txt,logs/llm/responses/20260507_093204_NEWS_SUMMARY_001.json
2026-05-07 09:33:02,20260507_093218_MARKET_PULSE_001,20260505_020715,,0,claude-sonnet-4-6,MARKET_PULSE,,8633,2179,0,10812,0.093541,44405,SUCCESS,,0,"PNBHOUSING,GOLDBEES,ADANIPORTS,HAL,NAVINFLUOR,LUPIN,AUROPHARMA,BIOCON,MARICO,DABUR,LAURUSLABS,SRF,HINDPETRO,VEDL,GRSE,M&M,GABRIEL,CHOLAHLDNG,BHARATFORG,BSE,TITAGARH,CAMS,NEULANDLAB,HFCL,NIFTYBEES",,logs/llm/system/system_prompt_facca3483557.txt,logs/llm/prompts/20260507_093218_MARKET_PULSE_001.txt,logs/llm/responses/20260507_093218_MARKET_PULSE_001.json
2026-05-07 09:43:34,20260507_094244_TRADING_DECISION_001,20260505_020715,,0,claude-opus-4-7,TRADING_DECISION,,32934,3808,0,36742,0.340064,50633,SUCCESS,,11,,MODIFY PNBHOUSING; HOLD GOLDBEES; MODIFY ADANIPORTS; MODIFY HAL; MODIFY NAVINFLUOR; HOLD TITAGARH; MODIFY ABCAPITAL; MODIFY MARICO; MODIFY COFORGE; MODIFY GRSE; MODIFY CAMS,logs/llm/system/system_prompt_facca3483557.txt,logs/llm/prompts/20260507_094244_TRADING_DECISION_001.txt,logs/llm/responses/20260507_094244_TRADING_DECISION_001.json
2026-05-07 09:44:50,20260507_094348_TRADING_DECISION_001,20260505_020715,,0,claude-opus-4-7,TRADING_DECISION,,32379,4734,12831,37113,0.28666,61236,SUCCESS,,12,,MODIFY PNBHOUSING; HOLD GOLDBEES; MODIFY ADANIPORTS; MODIFY HAL; MODIFY NAVINFLUOR; MODIFY TITAGARH; MODIFY ABCAPITAL; MODIFY MARICO; MODIFY COFORGE; MODIFY GRSE; MODIFY CAMS; NO_ACTION HFCL,logs/llm/system/system_prompt_facca3483557.txt,logs/llm/prompts/20260507_094348_TRADING_DECISION_001.txt,logs/llm/responses/20260507_094348_TRADING_DECISION_001.json
2026-05-07 09:46:17,20260507_094512_TRADING_DECISION_001,20260505_020715,,0,claude-opus-4-7,TRADING_DECISION,,33307,4797,12831,38104,0.292876,65741,SUCCESS,,11,,MODIFY PNBHOUSING; HOLD GOLDBEES; MODIFY ADANIPORTS; MODIFY HAL; MODIFY NAVINFLUOR; MODIFY TITAGARH; HOLD ABCAPITAL; MODIFY MARICO; MODIFY COFORGE; MODIFY GRSE; MODIFY CAMS,logs/llm/system/system_prompt_facca3483557.txt,logs/llm/prompts/20260507_094512_TRADING_DECISION_001.txt,logs/llm/responses/20260507_094512_TRADING_DECISION_001.json
2026-05-07 09:47:28,20260507_094632_TRADING_DECISION_001,20260505_020715,,0,claude-opus-4-7,TRADING_DECISION,,32832,4195,12831,37027,0.275451,56157,SUCCESS,,12,,MODIFY PNBHOUSING; HOLD GOLDBEES; MODIFY ADANIPORTS; MODIFY HAL; MODIFY NAVINFLUOR; MODIFY TITAGARH; MODIFY ABCAPITAL; MODIFY MARICO; MODIFY COFORGE; MODIFY GRSE; MODIFY CAMS; NO_ACTION HFCL,logs/llm/system/system_prompt_facca3483557.txt,logs/llm/prompts/20260507_094632_TRADING_DECISION_001.txt,logs/llm/responses/20260507_094632_TRADING_DECISION_001.json
2026-05-07 10:02:05,20260507_100204_NEWS_SUMMARY_001,20260505_020715,,0,claude-haiku-4-5-20251001,NEWS_SUMMARY,,3693,88,0,3781,0.004133,1167,SUCCESS,,0,,,logs/llm/system/system_prompt_c474d8adfdd9.txt,logs/llm/prompts/20260507_100204_NEWS_SUMMARY_001.txt,logs/llm/responses/20260507_100204_NEWS_SUMMARY_001.json
2026-05-07 10:03:00,20260507_100218_MARKET_PULSE_001,20260505_020715,,0,claude-sonnet-4-6,MARKET_PULSE,,9009,2093,0,11102,0.09338,42714,SUCCESS,,0,"PNBHOUSING,GOLDBEES,ADANIPORTS,HAL,NAVINFLUOR,LUPIN,AUROPHARMA,BIOCON,MARICO,DABUR,LAURUSLABS,SRF,HINDPETRO,VEDL,GRSE,M&M,GABRIEL,CHOLAHLDNG,BHARATFORG,BSE,TITAGARH,CAMS,NEULANDLAB,COFORGE,NIFTYBEES",,logs/llm/system/system_prompt_facca3483557.txt,logs/llm/prompts/20260507_100218_MARKET_PULSE_001.txt,logs/llm/responses/20260507_100218_MARKET_PULSE_001.json
2026-05-07 10:12:28,20260507_101126_TRADING_DECISION_001,20260505_020715,,0,claude-opus-4-7,TRADING_DECISION,,36214,4961,0,41175,0.385289,62612,SUCCESS,,17,,MODIFY PNBHOUSING; HOLD PNBHOUSING; HOLD GOLDBEES; MODIFY ADANIPORTS; HOLD ADANIPORTS; MODIFY HAL; HOLD HAL; MODIFY NAVINFLUOR; HOLD NAVINFLUOR; MODIFY TITAGARH; HOLD TITAGARH; MODIFY ABCAPITAL; HOLD ABCAPITAL; HOLD MARICO; HOLD COFORGE; HOLD GRSE; HOLD CAMS,logs/llm/system/system_prompt_facca3483557.txt,logs/llm/prompts/20260507_101126_TRADING_DECISION_001.txt,logs/llm/responses/20260507_101126_TRADING_DECISION_001.json
2026-05-07 10:13:34,20260507_101242_TRADING_DECISION_001,20260505_020715,,0,claude-opus-4-7,TRADING_DECISION,,33333,3907,12831,37240,0.270756,51646,SUCCESS,,11,,MODIFY PNBHOUSING; HOLD GOLDBEES; MODIFY ADANIPORTS; MODIFY HAL; HOLD NAVINFLUOR; MODIFY TITAGARH; HOLD ABCAPITAL; HOLD MARICO; HOLD COFORGE; HOLD GRSE; HOLD CAMS,logs/llm/system/system_prompt_facca3483557.txt,logs/llm/prompts/20260507_101242_TRADING_DECISION_001.txt,logs/llm/responses/20260507_101242_TRADING_DECISION_001.json
2026-05-07 10:14:44,20260507_101348_TRADING_DECISION_001,20260505_020715,,0,claude-opus-4-7,TRADING_DECISION,,33367,4133,12831,37500,0.276576,55691,SUCCESS,,11,,MODIFY PNBHOUSING; HOLD GOLDBEES; MODIFY ADANIPORTS; MODIFY HAL; MODIFY NAVINFLUOR; MODIFY TITAGARH; MODIFY ABCAPITAL; MODIFY MARICO; MODIFY COFORGE; MODIFY GRSE; MODIFY CAMS,logs/llm/system/system_prompt_facca3483557.txt,logs/llm/prompts/20260507_101348_TRADING_DECISION_001.txt,logs/llm/responses/20260507_101348_TRADING_DECISION_001.json
2026-05-07 10:15:53,20260507_101458_TRADING_DECISION_001,20260505_020715,,0,claude-opus-4-7,TRADING_DECISION,,31765,4338,12831,36103,0.273691,55778,SUCCESS,,11,,MODIFY PNBHOUSING; HOLD GOLDBEES; MODIFY ADANIPORTS; MODIFY HAL; MODIFY NAVINFLUOR; MODIFY TITAGARH; MODIFY ABCAPITAL; MODIFY MARICO; MODIFY COFORGE; HOLD GRSE; HOLD CAMS,logs/llm/system/system_prompt_facca3483557.txt,logs/llm/prompts/20260507_101458_TRADING_DECISION_001.txt,logs/llm/responses/20260507_101458_TRADING_DECISION_001.json
2026-05-07 10:32:02,20260507_103200_NEWS_SUMMARY_001,20260505_020715,,0,claude-haiku-4-5-20251001,NEWS_SUMMARY,,3767,91,0,3858,0.004222,2320,SUCCESS,,0,,,logs/llm/system/system_prompt_c474d8adfdd9.txt,logs/llm/prompts/20260507_103200_NEWS_SUMMARY_001.txt,logs/llm/responses/20260507_103200_NEWS_SUMMARY_001.json
2026-05-07 10:33:02,20260507_103216_MARKET_PULSE_001,20260505_020715,,0,claude-sonnet-4-6,MARKET_PULSE,,9443,2198,0,11641,0.096256,46611,SUCCESS,,0,"PNBHOUSING,GOLDBEES,ADANIPORTS,HAL,NAVINFLUOR,LUPIN,AUROPHARMA,COFORGE,BHARATFORG,MARICO,DABUR,HINDPETRO,VEDL,GRSE,M&M,CHOLAHLDNG,TITAGARH,CAMS,NEULANDLAB,SRF,GABRIEL,POLYCAB,NIFTYBEES,HDFCBANK,LAURUSLABS",,logs/llm/system/system_prompt_facca3483557.txt,logs/llm/prompts/20260507_103216_MARKET_PULSE_001.txt,logs/llm/responses/20260507_103216_MARKET_PULSE_001.json
2026-05-07 10:40:57,20260507_103948_TRADING_DECISION_001,20260505_020715,,0,claude-opus-4-7,TRADING_DECISION,,34443,5125,0,39568,0.380534,69119,SUCCESS,,16,,MODIFY PNBHOUSING; HOLD GOLDBEES; MODIFY ADANIPORTS; MODIFY HAL; HOLD NAVINFLUOR; EXIT TITAGARH; MODIFY ABCAPITAL; MODIFY MARICO; MODIFY COFORGE; HOLD GRSE; MODIFY CAMS; NO_ACTION LUPIN; NO_ACTION BHARATFORG; NO_ACTION DABUR; NO_ACTION AUROPHARMA; NO_ACTION POLYCAB,logs/llm/system/system_prompt_facca3483557.txt,logs/llm/prompts/20260507_103948_TRADING_DECISION_001.txt,logs/llm/responses/20260507_103948_TRADING_DECISION_001.json
2026-05-07 10:42:16,20260507_104124_TRADING_DECISION_001,20260505_020715,,0,claude-opus-4-7,TRADING_DECISION,,32203,3931,12831,36134,0.265706,52860,SUCCESS,,12,,MODIFY PNBHOUSING; HOLD GOLDBEES; MODIFY ADANIPORTS; HOLD HAL; MODIFY NAVINFLUOR; MODIFY TITAGARH; MODIFY ABCAPITAL; HOLD MARICO; HOLD COFORGE; MODIFY GRSE; HOLD CAMS; NO_ACTION HFCL,logs/llm/system/system_prompt_facca3483557.txt,logs/llm/prompts/20260507_104124_TRADING_DECISION_001.txt,logs/llm/responses/20260507_104124_TRADING_DECISION_001.json
2026-05-07 10:43:24,20260507_104230_TRADING_DECISION_001,20260505_020715,,0,claude-opus-4-7,TRADING_DECISION,,34098,3974,12831,38072,0.276256,53310,SUCCESS,,11,,MODIFY PNBHOUSING; HOLD GOLDBEES; MODIFY ADANIPORTS; HOLD HAL; MODIFY NAVINFLUOR; HOLD TITAGARH; MODIFY ABCAPITAL; MODIFY MARICO; HOLD COFORGE; HOLD GRSE; HOLD CAMS,logs/llm/system/system_prompt_facca3483557.txt,logs/llm/prompts/20260507_104230_TRADING_DECISION_001.txt,logs/llm/responses/20260507_104230_TRADING_DECISION_001.json
2026-05-07 10:44:45,20260507_104338_TRADING_DECISION_001,20260505_020715,,0,claude-opus-4-7,TRADING_DECISION,,32304,5005,12831,37309,0.293061,67530,SUCCESS,,14,,MODIFY PNBHOUSING; HOLD GOLDBEES; MODIFY ADANIPORTS; HOLD HAL; MODIFY NAVINFLUOR; MODIFY TITAGARH; HOLD TITAGARH; MODIFY ABCAPITAL; HOLD MARICO; MODIFY COFORGE; MODIFY GRSE; HOLD GRSE; MODIFY CAMS; NO_ACTION HFCL,logs/llm/system/system_prompt_facca3483557.txt,logs/llm/prompts/20260507_104338_TRADING_DECISION_001.txt,logs/llm/responses/20260507_104338_TRADING_DECISION_001.json
2026-05-07 11:02:01,20260507_110200_NEWS_SUMMARY_001,20260505_020715,,0,claude-haiku-4-5-20251001,NEWS_SUMMARY,,3814,139,0,3953,0.004509,1421,SUCCESS,,0,,,logs/llm/system/system_prompt_c474d8adfdd9.txt,logs/llm/prompts/20260507_110200_NEWS_SUMMARY_001.txt,logs/llm/responses/20260507_110200_NEWS_SUMMARY_001.json
2026-05-07 11:03:05,20260507_110216_MARKET_PULSE_001,20260505_020715,,0,claude-sonnet-4-6,MARKET_PULSE,,11017,2275,0,13292,0.102134,49051,SUCCESS,,0,"PNBHOUSING,GOLDBEES,ADANIPORTS,HAL,NAVINFLUOR,LUPIN,AUROPHARMA,COFORGE,MARICO,DABUR,HINDPETRO,VEDL,M&M,CHOLAHLDNG,TITAGARH,NEULANDLAB,SRF,GABRIEL,POLYCAB,LAURUSLABS,GRSE,BHARATFORG,BAJAJ-AUTO,HDFCBANK,NIFTYBEES",,logs/llm/system/system_prompt_facca3483557.txt,logs/llm/prompts/20260507_110216_MARKET_PULSE_001.txt,logs/llm/responses/20260507_110216_MARKET_PULSE_001.json
2026-05-07 11:12:35,20260507_111126_TRADING_DECISION_001,20260505_020715,,0,claude-opus-4-7,TRADING_DECISION,,36443,5262,0,41705,0.393959,69028,SUCCESS,,18,,MODIFY PNBHOUSING; HOLD PNBHOUSING; MODIFY GOLDBEES; HOLD GOLDBEES; MODIFY ADANIPORTS; HOLD ADANIPORTS; MODIFY HAL; HOLD HAL; MODIFY NAVINFLUOR; HOLD NAVINFLUOR; HOLD TITAGARH; MODIFY ABCAPITAL; HOLD ABCAPITAL; HOLD MARICO; HOLD COFORGE; HOLD GRSE; HOLD CAMS; MODIFY HFCL,logs/llm/system/system_prompt_facca3483557.txt,logs/llm/prompts/20260507_111126_TRADING_DECISION_001.txt,logs/llm/responses/20260507_111126_TRADING_DECISION_001.json
2026-05-07 11:13:48,20260507_111249_TRADING_DECISION_001,20260505_020715,,0,claude-opus-4-7,TRADING_DECISION,,34161,4196,12831,38357,0.28212,59440,SUCCESS,,12,,MODIFY PNBHOUSING; HOLD GOLDBEES; MODIFY ADANIPORTS; MODIFY HAL; MODIFY NAVINFLUOR; MODIFY TITAGARH; HOLD ABCAPITAL; MODIFY MARICO; HOLD COFORGE; HOLD GRSE; HOLD CAMS; NO_ACTION HFCL,logs/llm/system/system_prompt_facca3483557.txt,logs/llm/prompts/20260507_111249_TRADING_DECISION_001.txt,logs/llm/responses/20260507_111249_TRADING_DECISION_001.json
2026-05-07 11:15:04,20260507_111402_TRADING_DECISION_001,20260505_020715,,0,claude-opus-4-7,TRADING_DECISION,,33645,4984,12831,38629,0.299241,62032,SUCCESS,,13,,MODIFY PNBHOUSING; HOLD PNBHOUSING; MODIFY GOLDBEES; MODIFY ADANIPORTS; MODIFY HAL; MODIFY NAVINFLUOR; MODIFY TITAGARH; MODIFY ABCAPITAL; MODIFY MARICO; MODIFY COFORGE; MODIFY GRSE; MODIFY CAMS; NO_ACTION HFCL,logs/llm/system/system_prompt_facca3483557.txt,logs/llm/prompts/20260507_111402_TRADING_DECISION_001.txt,logs/llm/responses/20260507_111402_TRADING_DECISION_001.json
2026-05-07 11:16:49,20260507_111536_TRADING_DECISION_001,20260505_020715,,0,claude-opus-4-7,TRADING_DECISION,,33602,5423,12831,39025,0.310001,73381,SUCCESS,,18,,MODIFY PNBHOUSING; HOLD GOLDBEES; MODIFY ADANIPORTS; HOLD ADANIPORTS; MODIFY HAL; HOLD HAL; MODIFY NAVINFLUOR; MODIFY TITAGARH; HOLD TITAGARH; HOLD ABCAPITAL; MODIFY MARICO; HOLD MARICO; MODIFY COFORGE; HOLD COFORGE; MODIFY GRSE; HOLD GRSE; MODIFY CAMS; HOLD CAMS,logs/llm/system/system_prompt_facca3483557.txt,logs/llm/prompts/20260507_111536_TRADING_DECISION_001.txt,logs/llm/responses/20260507_111536_TRADING_DECISION_001.json
2026-05-07 11:32:08,20260507_113206_NEWS_SUMMARY_001,20260505_020715,,0,claude-haiku-4-5-20251001,NEWS_SUMMARY,,3772,121,0,3893,0.004377,2020,SUCCESS,,0,,,logs/llm/system/system_prompt_c474d8adfdd9.txt,logs/llm/prompts/20260507_113206_NEWS_SUMMARY_001.txt,logs/llm/responses/20260507_113206_NEWS_SUMMARY_001.json
2026-05-07 11:33:00,20260507_113218_MARKET_PULSE_001,20260505_020715,,0,claude-sonnet-4-6,MARKET_PULSE,,10533,2199,0,12732,0.099542,42750,SUCCESS,,0,"PNBHOUSING,GOLDBEES,ADANIPORTS,HAL,NAVINFLUOR,LUPIN,AUROPHARMA,COFORGE,MARICO,DABUR,HINDPETRO,VEDL,CHOLAHLDNG,TITAGARH,LAURUSLABS,BHARATFORG,GABRIEL,POLYCAB,GRSE,HDFCBANK,NEULANDLAB,M&M,SRF,CAMS,BAJAJ-AUTO",,logs/llm/system/system_prompt_facca3483557.txt,logs/llm/prompts/20260507_113218_MARKET_PULSE_001.txt,logs/llm/responses/20260507_113218_MARKET_PULSE_001.json
2026-05-07 11:43:44,20260507_114241_TRADING_DECISION_001,20260505_020715,,0,claude-opus-4-7,TRADING_DECISION,,37284,4347,0,41631,0.375289,63130,SUCCESS,,11,,MODIFY PNBHOUSING; HOLD GOLDBEES; MODIFY ADANIPORTS; HOLD HAL; MODIFY NAVINFLUOR; MODIFY TITAGARH; HOLD ABCAPITAL; MODIFY MARICO; EXIT COFORGE; MODIFY GRSE; MODIFY CAMS,logs/llm/system/system_prompt_facca3483557.txt,logs/llm/prompts/20260507_114241_TRADING_DECISION_001.txt,logs/llm/responses/20260507_114241_TRADING_DECISION_001.json
2026-05-07 11:45:05,20260507_114358_TRADING_DECISION_001,20260505_020715,,0,claude-opus-4-7,TRADING_DECISION,,35559,4593,12831,40152,0.299036,66729,SUCCESS,,11,,MODIFY PNBHOUSING; HOLD GOLDBEES; MODIFY ADANIPORTS; MODIFY HAL; MODIFY NAVINFLUOR; MODIFY TITAGARH; MODIFY ABCAPITAL; MODIFY MARICO; MODIFY COFORGE; MODIFY GRSE; MODIFY CAMS,logs/llm/system/system_prompt_facca3483557.txt,logs/llm/prompts/20260507_114358_TRADING_DECISION_001.txt,logs/llm/responses/20260507_114358_TRADING_DECISION_001.json
2026-05-07 11:46:37,20260507_114536_TRADING_DECISION_001,20260505_020715,,0,claude-opus-4-7,TRADING_DECISION,,35198,4547,12831,39745,0.296081,61664,SUCCESS,,11,,MODIFY PNBHOUSING; HOLD GOLDBEES; MODIFY ADANIPORTS; MODIFY HAL; MODIFY NAVINFLUOR; MODIFY TITAGARH; MODIFY ABCAPITAL; MODIFY MARICO; MODIFY COFORGE; MODIFY GRSE; MODIFY CAMS,logs/llm/system/system_prompt_facca3483557.txt,logs/llm/prompts/20260507_114536_TRADING_DECISION_001.txt,logs/llm/responses/20260507_114536_TRADING_DECISION_001.json
2026-05-07 11:48:12,20260507_114651_TRADING_DECISION_001,20260505_020715,,0,claude-opus-4-7,TRADING_DECISION,,33418,5816,12831,39234,0.318906,81130,SUCCESS,,18,,MODIFY PNBHOUSING; HOLD PNBHOUSING; HOLD GOLDBEES; MODIFY ADANIPORTS; HOLD ADANIPORTS; MODIFY HAL; HOLD HAL; MODIFY NAVINFLUOR; HOLD NAVINFLUOR; MODIFY TITAGARH; HOLD TITAGARH; MODIFY ABCAPITAL; HOLD ABCAPITAL; HOLD MARICO; MODIFY COFORGE; HOLD COFORGE; HOLD GRSE; HOLD CAMS,logs/llm/system/system_prompt_facca3483557.txt,logs/llm/prompts/20260507_114651_TRADING_DECISION_001.txt,logs/llm/responses/20260507_114651_TRADING_DECISION_001.json
2026-05-07 12:02:01,20260507_120200_NEWS_SUMMARY_001,20260505_020715,,0,claude-haiku-4-5-20251001,NEWS_SUMMARY,,3777,133,0,3910,0.004442,1449,SUCCESS,,0,,,logs/llm/system/system_prompt_c474d8adfdd9.txt,logs/llm/prompts/20260507_120200_NEWS_SUMMARY_001.txt,logs/llm/responses/20260507_120200_NEWS_SUMMARY_001.json
2026-05-07 12:02:56,20260507_120216_MARKET_PULSE_001,20260505_020715,,0,claude-sonnet-4-6,MARKET_PULSE,,11017,1999,0,13016,0.097994,40504,SUCCESS,,0,"PNBHOUSING,GOLDBEES,ADANIPORTS,HAL,NAVINFLUOR,LUPIN,AUROPHARMA,COFORGE,MARICO,DABUR,HINDPETRO,VEDL,CHOLAHLDNG,TITAGARH,LAURUSLABS,BHARATFORG,GABRIEL,POLYCAB,GRSE,HDFCBANK,NEULANDLAB,M&M,CAMS,BAJAJ-AUTO,SRF",,logs/llm/system/system_prompt_facca3483557.txt,logs/llm/prompts/20260507_120216_MARKET_PULSE_001.txt,logs/llm/responses/20260507_120216_MARKET_PULSE_001.json
2026-05-07 12:12:50,20260507_121203_TRADING_DECISION_001,20260505_020715,,0,claude-opus-4-7,TRADING_DECISION,,32670,3684,0,36354,0.335644,47316,SUCCESS,,11,,MODIFY PNBHOUSING; HOLD GOLDBEES; MODIFY ADANIPORTS; HOLD HAL; MODIFY NAVINFLUOR; MODIFY TITAGARH; MODIFY ABCAPITAL; HOLD MARICO; MODIFY COFORGE; HOLD GRSE; HOLD CAMS,logs/llm/system/system_prompt_facca3483557.txt,logs/llm/prompts/20260507_121203_TRADING_DECISION_001.txt,logs/llm/responses/20260507_121203_TRADING_DECISION_001.json
2026-05-07 12:13:59,20260507_121304_TRADING_DECISION_001,20260505_020715,,0,claude-opus-4-7,TRADING_DECISION,,33508,4226,12831,37734,0.279606,55046,SUCCESS,,11,,MODIFY PNBHOUSING; HOLD GOLDBEES; MODIFY ADANIPORTS; MODIFY HAL; MODIFY NAVINFLUOR; MODIFY TITAGARH; MODIFY ABCAPITAL; HOLD MARICO; MODIFY COFORGE; MODIFY GRSE; MODIFY CAMS,logs/llm/system/system_prompt_facca3483557.txt,logs/llm/prompts/20260507_121304_TRADING_DECISION_001.txt,logs/llm/responses/20260507_121304_TRADING_DECISION_001.json
2026-05-07 12:15:09,20260507_121413_TRADING_DECISION_001,20260505_020715,,0,claude-opus-4-7,TRADING_DECISION,,32578,4032,12831,36610,0.270105,55968,SUCCESS,,11,,MODIFY PNBHOUSING; HOLD GOLDBEES; MODIFY ADANIPORTS; MODIFY HAL; MODIFY NAVINFLUOR; MODIFY TITAGARH; HOLD ABCAPITAL; MODIFY MARICO; HOLD COFORGE; MODIFY GRSE; HOLD CAMS,logs/llm/system/system_prompt_facca3483557.txt,logs/llm/prompts/20260507_121413_TRADING_DECISION_001.txt,logs/llm/responses/20260507_121413_TRADING_DECISION_001.json
2026-05-07 12:16:33,20260507_121540_TRADING_DECISION_001,20260505_020715,,0,claude-opus-4-7,TRADING_DECISION,,30552,3933,12831,34485,0.257501,53517,SUCCESS,,11,,MODIFY PNBHOUSING; HOLD GOLDBEES; MODIFY ADANIPORTS; MODIFY HAL; MODIFY NAVINFLUOR; MODIFY TITAGARH; HOLD ABCAPITAL; MODIFY MARICO; HOLD COFORGE; MODIFY GRSE; HOLD CAMS,logs/llm/system/system_prompt_facca3483557.txt,logs/llm/prompts/20260507_121540_TRADING_DECISION_001.txt,logs/llm/responses/20260507_121540_TRADING_DECISION_001.json
2026-05-07 12:32:03,20260507_123202_NEWS_SUMMARY_001,20260505_020715,,0,claude-haiku-4-5-20251001,NEWS_SUMMARY,,3792,160,0,3952,0.004592,1597,SUCCESS,,0,,,logs/llm/system/system_prompt_c474d8adfdd9.txt,logs/llm/prompts/20260507_123202_NEWS_SUMMARY_001.txt,logs/llm/responses/20260507_123202_NEWS_SUMMARY_001.json
2026-05-07 12:32:59,20260507_123216_MARKET_PULSE_001,20260505_020715,,0,claude-sonnet-4-6,MARKET_PULSE,,11912,2155,0,14067,0.103019,43364,SUCCESS,,0,"PNBHOUSING,GOLDBEES,ADANIPORTS,HAL,NAVINFLUOR,LUPIN,AUROPHARMA,BIOCON,COFORGE,MARICO,DABUR,HINDPETRO,VEDL,CHOLAHLDNG,TITAGARH,BHARATFORG,GABRIEL,POLYCAB,GRSE,HDFCBANK,M&M,CAMS,SRF,NEULANDLAB,BAJAJ-AUTO",,logs/llm/system/system_prompt_facca3483557.txt,logs/llm/prompts/20260507_123216_MARKET_PULSE_001.txt,logs/llm/responses/20260507_123216_MARKET_PULSE_001.json
2026-05-07 12:41:24,20260507_124033_TRADING_DECISION_001,20260505_020715,,0,claude-opus-4-7,TRADING_DECISION,,32556,3837,0,36393,0.338899,50606,SUCCESS,,11,,MODIFY PNBHOUSING; HOLD GOLDBEES; MODIFY ADANIPORTS; MODIFY HAL; MODIFY NAVINFLUOR; HOLD TITAGARH; HOLD ABCAPITAL; MODIFY MARICO; HOLD COFORGE; HOLD GRSE; HOLD CAMS,logs/llm/system/system_prompt_facca3483557.txt,logs/llm/prompts/20260507_124033_TRADING_DECISION_001.txt,logs/llm/responses/20260507_124033_TRADING_DECISION_001.json
2026-05-07 12:42:35,20260507_124141_TRADING_DECISION_001,20260505_020715,,0,claude-opus-4-7,TRADING_DECISION,,32151,3983,12831,36134,0.266746,53445,SUCCESS,,11,,MODIFY PNBHOUSING; HOLD GOLDBEES; MODIFY ADANIPORTS; MODIFY HAL; MODIFY NAVINFLUOR; MODIFY TITAGARH; MODIFY ABCAPITAL; MODIFY MARICO; MODIFY COFORGE; MODIFY GRSE; MODIFY CAMS,logs/llm/system/system_prompt_facca3483557.txt,logs/llm/prompts/20260507_124141_TRADING_DECISION_001.txt,logs/llm/responses/20260507_124141_TRADING_DECISION_001.json
2026-05-07 12:43:56,20260507_124249_TRADING_DECISION_001,20260505_020715,,0,claude-opus-4-7,TRADING_DECISION,,31697,5263,12831,36960,0.296476,66811,SUCCESS,,20,,MODIFY PNBHOUSING; HOLD PNBHOUSING; HOLD GOLDBEES; MODIFY ADANIPORTS; MODIFY HAL; MODIFY NAVINFLUOR; HOLD NAVINFLUOR; MODIFY TITAGARH; HOLD TITAGARH; HOLD ABCAPITAL; HOLD MARICO; MODIFY COFORGE; HOLD COFORGE; HOLD GRSE; MODIFY CAMS; HOLD CAMS; NO_ACTION GABRIEL; NO_ACTION POLYCAB; NO_ACTION M&M; NO_ACTION HDFCBANK,logs/llm/system/system_prompt_facca3483557.txt,logs/llm/prompts/20260507_124249_TRADING_DECISION_001.txt,logs/llm/responses/20260507_124249_TRADING_DECISION_001.json
2026-05-07 12:45:01,20260507_124410_TRADING_DECISION_001,20260505_020715,,0,claude-opus-4-7,TRADING_DECISION,,30475,3907,12831,34382,0.256466,51368,SUCCESS,,12,,MODIFY PNBHOUSING; HOLD GOLDBEES; MODIFY ADANIPORTS; MODIFY HAL; MODIFY NAVINFLUOR; MODIFY TITAGARH; HOLD TITAGARH; MODIFY ABCAPITAL; MODIFY MARICO; MODIFY COFORGE; MODIFY GRSE; MODIFY CAMS,logs/llm/system/system_prompt_facca3483557.txt,logs/llm/prompts/20260507_124410_TRADING_DECISION_001.txt,logs/llm/responses/20260507_124410_TRADING_DECISION_001.json
2026-05-07 13:02:03,20260507_130202_NEWS_SUMMARY_001,20260505_020715,,0,claude-haiku-4-5-20251001,NEWS_SUMMARY,,3832,172,0,4004,0.004692,1508,SUCCESS,,0,,,logs/llm/system/system_prompt_c474d8adfdd9.txt,logs/llm/prompts/20260507_130202_NEWS_SUMMARY_001.txt,logs/llm/responses/20260507_130202_NEWS_SUMMARY_001.json
2026-05-07 13:03:03,20260507_130216_MARKET_PULSE_001,20260505_020715,,0,claude-sonnet-4-6,MARKET_PULSE,,12068,2223,0,14291,0.104507,47301,SUCCESS,,0,"PNBHOUSING,GOLDBEES,ADANIPORTS,HAL,NAVINFLUOR,LUPIN,AUROPHARMA,COFORGE,MARICO,DABUR,HINDPETRO,POLYCAB,M&M,CAMS,BAJAJ-AUTO,TITAGARH,BHARATFORG,GABRIEL,NEULANDLAB,SRF,GRSE,HDFCBANK,BIOCON,CHOLAHLDNG,NIFTYBEES",,logs/llm/system/system_prompt_facca3483557.txt,logs/llm/prompts/20260507_130216_MARKET_PULSE_001.txt,logs/llm/responses/20260507_130216_MARKET_PULSE_001.json
2026-05-07 13:11:49,20260507_131046_TRADING_DECISION_001,20260505_020715,,0,claude-opus-4-7,TRADING_DECISION,,33708,4694,0,38402,0.366084,63871,SUCCESS,,19,,MODIFY PNBHOUSING; HOLD GOLDBEES; MODIFY ADANIPORTS; HOLD HAL; MODIFY NAVINFLUOR; HOLD TITAGARH; HOLD ABCAPITAL; HOLD MARICO; HOLD COFORGE; HOLD GRSE; HOLD CAMS; NO_ACTION LUPIN; NO_ACTION AUROPHARMA; NO_ACTION DABUR; NO_ACTION HINDPETRO; NO_ACTION BAJAJ-AUTO; NO_ACTION POLYCAB; NO_ACTION HDFCBANK; NO_ACTION NIFTYBEES,logs/llm/system/system_prompt_facca3483557.txt,logs/llm/prompts/20260507_131046_TRADING_DECISION_001.txt,logs/llm/responses/20260507_131046_TRADING_DECISION_001.json
2026-05-07 13:13:14,20260507_131203_TRADING_DECISION_001,20260505_020715,,0,claude-opus-4-7,TRADING_DECISION,,33856,5326,12831,39182,0.308845,70110,SUCCESS,,20,,MODIFY PNBHOUSING; HOLD PNBHOUSING; HOLD GOLDBEES; MODIFY ADANIPORTS; HOLD ADANIPORTS; MODIFY HAL; MODIFY NAVINFLUOR; HOLD NAVINFLUOR; MODIFY TITAGARH; HOLD ABCAPITAL; HOLD MARICO; MODIFY COFORGE; HOLD COFORGE; HOLD GRSE; HOLD CAMS; NO_ACTION BAJAJ-AUTO; NO_ACTION POLYCAB; NO_ACTION M&M; NO_ACTION BHARATFORG; CANCEL HFCL,logs/llm/system/system_prompt_facca3483557.txt,logs/llm/prompts/20260507_131203_TRADING_DECISION_001.txt,logs/llm/responses/20260507_131203_TRADING_DECISION_001.json
2026-05-07 13:14:18,20260507_131328_TRADING_DECISION_001,20260505_020715,,0,claude-opus-4-7,TRADING_DECISION,,34251,3949,12831,38200,0.276396,50767,SUCCESS,,12,,MODIFY PNBHOUSING; HOLD GOLDBEES; MODIFY ADANIPORTS; HOLD HAL; MODIFY NAVINFLUOR; MODIFY TITAGARH; HOLD ABCAPITAL; MODIFY MARICO; MODIFY COFORGE; HOLD GRSE; MODIFY CAMS; NO_ACTION HFCL,logs/llm/system/system_prompt_facca3483557.txt,logs/llm/prompts/20260507_131328_TRADING_DECISION_001.txt,logs/llm/responses/20260507_131328_TRADING_DECISION_001.json
2026-05-07 13:15:35,20260507_131432_TRADING_DECISION_001,20260505_020715,,0,claude-opus-4-7,TRADING_DECISION,,32544,4450,12831,36994,0.280386,62537,SUCCESS,,11,,MODIFY PNBHOUSING; HOLD GOLDBEES; MODIFY ADANIPORTS; MODIFY HAL; MODIFY NAVINFLUOR; HOLD TITAGARH; MODIFY ABCAPITAL; MODIFY MARICO; MODIFY COFORGE; MODIFY GRSE; MODIFY CAMS,logs/llm/system/system_prompt_facca3483557.txt,logs/llm/prompts/20260507_131432_TRADING_DECISION_001.txt,logs/llm/responses/20260507_131432_TRADING_DECISION_001.json
2026-05-07 13:32:01,20260507_133200_NEWS_SUMMARY_001,20260505_020715,,0,claude-haiku-4-5-20251001,NEWS_SUMMARY,,3910,187,0,4097,0.004845,1697,SUCCESS,,0,,,logs/llm/system/system_prompt_c474d8adfdd9.txt,logs/llm/prompts/20260507_133200_NEWS_SUMMARY_001.txt,logs/llm/responses/20260507_133200_NEWS_SUMMARY_001.json
2026-05-07 13:33:03,20260507_133216_MARKET_PULSE_001,20260505_020715,,0,claude-sonnet-4-6,MARKET_PULSE,,13118,2065,0,15183,0.105287,47202,SUCCESS,,0,"PNBHOUSING,GOLDBEES,ADANIPORTS,HAL,NAVINFLUOR,LUPIN,AUROPHARMA,COFORGE,MARICO,DABUR,POLYCAB,M&M,BHARATFORG,GABRIEL,NEULANDLAB,SRF,CHOLAHLDNG,HDFCBANK,BAJAJ-AUTO,NIFTYBEES,BIOCON,HINDPETRO,GRSE",,logs/llm/system/system_prompt_facca3483557.txt,logs/llm/prompts/20260507_133216_MARKET_PULSE_001.txt,logs/llm/responses/20260507_133216_MARKET_PULSE_001.json
2026-05-07 13:42:18,20260507_134100_TRADING_DECISION_001,20260505_020715,,0,claude-opus-4-7,TRADING_DECISION,,33729,6491,0,40220,0.411114,78078,SUCCESS,,35,,MODIFY PNBHOUSING; HOLD PNBHOUSING; HOLD GOLDBEES; MODIFY ADANIPORTS; HOLD ADANIPORTS; MODIFY HAL; HOLD HAL; MODIFY NAVINFLUOR; HOLD NAVINFLUOR; MODIFY TITAGARH; HOLD TITAGARH; MODIFY ABCAPITAL; HOLD ABCAPITAL; MODIFY MARICO; HOLD MARICO; MODIFY COFORGE; HOLD COFORGE; MODIFY GRSE; HOLD GRSE; MODIFY CAMS; HOLD CAMS; NO_ACTION LUPIN; NO_ACTION AUROPHARMA; NO_ACTION DABUR; NO_ACTION POLYCAB; NO_ACTION BIOCON; NO_ACTION HINDPETRO; NO_ACTION BAJAJ-AUTO; NO_ACTION HDFCBANK; NO_ACTION M&M; NO_ACTION BHARATFORG; NO_ACTION GABRIEL; NO_ACTION NEULANDLAB; NO_ACTION SRF; NO_ACTION CHOLAHLDNG,logs/llm/system/system_prompt_facca3483557.txt,logs/llm/prompts/20260507_134100_TRADING_DECISION_001.txt,logs/llm/responses/20260507_134100_TRADING_DECISION_001.json
2026-05-07 13:43:41,20260507_134232_TRADING_DECISION_001,20260505_020715,,0,claude-opus-4-7,TRADING_DECISION,,33247,5215,12831,38462,0.303026,69747,SUCCESS,,14,,MODIFY PNBHOUSING; HOLD GOLDBEES; MODIFY ADANIPORTS; MODIFY HAL; HOLD HAL; MODIFY NAVINFLUOR; MODIFY TITAGARH; MODIFY ABCAPITAL; MODIFY MARICO; MODIFY COFORGE; MODIFY GRSE; HOLD GRSE; MODIFY CAMS; HOLD CAMS,logs/llm/system/system_prompt_facca3483557.txt,logs/llm/prompts/20260507_134232_TRADING_DECISION_001.txt,logs/llm/responses/20260507_134232_TRADING_DECISION_001.json
2026-05-07 13:44:59,20260507_134355_TRADING_DECISION_001,20260505_020715,,0,claude-opus-4-7,TRADING_DECISION,,33310,4634,12831,37944,0.288816,63844,SUCCESS,,11,,MODIFY PNBHOUSING; MODIFY ADANIPORTS; MODIFY HAL; MODIFY NAVINFLUOR; MODIFY TITAGARH; MODIFY ABCAPITAL; MODIFY MARICO; MODIFY COFORGE; MODIFY GRSE; MODIFY CAMS; EXIT GOLDBEES,logs/llm/system/system_prompt_facca3483557.txt,logs/llm/prompts/20260507_134355_TRADING_DECISION_001.txt,logs/llm/responses/20260507_134355_TRADING_DECISION_001.json
2026-05-07 13:46:29,20260507_134529_TRADING_DECISION_001,20260505_020715,,0,claude-opus-4-7,TRADING_DECISION,,32130,4582,12831,36712,0.281616,60111,SUCCESS,,12,,MODIFY PNBHOUSING; HOLD GOLDBEES; MODIFY ADANIPORTS; MODIFY HAL; HOLD HAL; MODIFY NAVINFLUOR; MODIFY TITAGARH; HOLD ABCAPITAL; MODIFY MARICO; MODIFY COFORGE; MODIFY GRSE; MODIFY CAMS,logs/llm/system/system_prompt_facca3483557.txt,logs/llm/prompts/20260507_134529_TRADING_DECISION_001.txt,logs/llm/responses/20260507_134529_TRADING_DECISION_001.json
2026-05-07 14:02:01,20260507_140200_NEWS_SUMMARY_001,20260505_020715,,0,claude-haiku-4-5-20251001,NEWS_SUMMARY,,3945,184,0,4129,0.004865,1513,SUCCESS,,0,,,logs/llm/system/system_prompt_c474d8adfdd9.txt,logs/llm/prompts/20260507_140200_NEWS_SUMMARY_001.txt,logs/llm/responses/20260507_140200_NEWS_SUMMARY_001.json
2026-05-07 14:03:02,20260507_140216_MARKET_PULSE_001,20260505_020715,,0,claude-sonnet-4-6,MARKET_PULSE,,13131,2235,0,15366,0.107875,46487,SUCCESS,,0,"PNBHOUSING,GOLDBEES,ADANIPORTS,HAL,NAVINFLUOR,LUPIN,AUROPHARMA,COFORGE,MARICO,DABUR,POLYCAB,M&M,BAJAJ-AUTO,SRF,HDFCBANK,GRSE,CAMS,HINDPETRO,BPCL,GABRIEL,TITAGARH,NEULANDLAB,NIFTYBEES,CHOLAHLDNG,MRF",,logs/llm/system/system_prompt_facca3483557.txt,logs/llm/prompts/20260507_140216_MARKET_PULSE_001.txt,logs/llm/responses/20260507_140216_MARKET_PULSE_001.json
2026-05-07 14:12:38,20260507_141122_TRADING_DECISION_001,20260505_020715,,0,claude-opus-4-7,TRADING_DECISION,,31478,5450,0,36928,0.373834,76018,SUCCESS,,22,,MODIFY PNBHOUSING; HOLD PNBHOUSING; HOLD GOLDBEES; MODIFY ADANIPORTS; HOLD ADANIPORTS; MODIFY HAL; HOLD HAL; MODIFY NAVINFLUOR; HOLD NAVINFLUOR; MODIFY TITAGARH; HOLD TITAGARH; MODIFY ABCAPITAL; HOLD ABCAPITAL; MODIFY MARICO; HOLD MARICO; MODIFY COFORGE; HOLD COFORGE; MODIFY GRSE; HOLD GRSE; MODIFY CAMS; HOLD CAMS; NO_ACTION HFCL,logs/llm/system/system_prompt_facca3483557.txt,logs/llm/prompts/20260507_141122_TRADING_DECISION_001.txt,logs/llm/responses/20260507_141122_TRADING_DECISION_001.json
2026-05-07 14:13:47,20260507_141252_TRADING_DECISION_001,20260505_020715,,0,claude-opus-4-7,TRADING_DECISION,,31816,4134,12831,35950,0.268846,55603,SUCCESS,,11,,MODIFY PNBHOUSING; HOLD GOLDBEES; MODIFY ADANIPORTS; MODIFY HAL; MODIFY NAVINFLUOR; MODIFY TITAGARH; HOLD ABCAPITAL; MODIFY MARICO; MODIFY COFORGE; HOLD GRSE; HOLD CAMS,logs/llm/system/system_prompt_facca3483557.txt,logs/llm/prompts/20260507_141252_TRADING_DECISION_001.txt,logs/llm/responses/20260507_141252_TRADING_DECISION_001.json
2026-05-07 14:14:52,20260507_141401_TRADING_DECISION_001,20260505_020715,,0,claude-opus-4-7,TRADING_DECISION,,31490,3872,12831,35362,0.260665,51265,SUCCESS,,11,,MODIFY PNBHOUSING; HOLD GOLDBEES; MODIFY ADANIPORTS; HOLD HAL; MODIFY NAVINFLUOR; MODIFY TITAGARH; MODIFY ABCAPITAL; MODIFY MARICO; MODIFY COFORGE; MODIFY GRSE; MODIFY CAMS,logs/llm/system/system_prompt_facca3483557.txt,logs/llm/prompts/20260507_141401_TRADING_DECISION_001.txt,logs/llm/responses/20260507_141401_TRADING_DECISION_001.json
2026-05-07 14:16:25,20260507_141516_TRADING_DECISION_001,20260505_020715,,0,claude-opus-4-7,TRADING_DECISION,,29721,4876,12831,34597,0.276921,68581,SUCCESS,,16,,MODIFY PNBHOUSING; HOLD PNBHOUSING; HOLD GOLDBEES; MODIFY ADANIPORTS; HOLD ADANIPORTS; MODIFY HAL; MODIFY NAVINFLUOR; HOLD NAVINFLUOR; HOLD TITAGARH; MODIFY ABCAPITAL; HOLD ABCAPITAL; HOLD MARICO; MODIFY COFORGE; HOLD COFORGE; HOLD GRSE; HOLD CAMS,logs/llm/system/system_prompt_facca3483557.txt,logs/llm/prompts/20260507_141516_TRADING_DECISION_001.txt,logs/llm/responses/20260507_141516_TRADING_DECISION_001.json
2026-05-07 14:32:02,20260507_143200_NEWS_SUMMARY_001,20260505_020715,,0,claude-haiku-4-5-20251001,NEWS_SUMMARY,,3966,178,0,4144,0.004856,1795,SUCCESS,,0,,,logs/llm/system/system_prompt_c474d8adfdd9.txt,logs/llm/prompts/20260507_143200_NEWS_SUMMARY_001.txt,logs/llm/responses/20260507_143200_NEWS_SUMMARY_001.json
2026-05-07 14:33:00,20260507_143216_MARKET_PULSE_001,20260505_020715,,0,claude-sonnet-4-6,MARKET_PULSE,,12861,2159,0,15020,0.105926,43955,SUCCESS,,0,"PNBHOUSING,GOLDBEES,ADANIPORTS,HAL,NAVINFLUOR,LUPIN,AUROPHARMA,COFORGE,MARICO,DABUR,POLYCAB,M&M,BAJAJ-AUTO,SRF,HDFCBANK,GRSE,CAMS,CHOLAHLDNG,MRF,GABRIEL,HINDPETRO,BPCL,NEULANDLAB,NIFTYBEES",,logs/llm/system/system_prompt_facca3483557.txt,logs/llm/prompts/20260507_143216_MARKET_PULSE_001.txt,logs/llm/responses/20260507_143216_MARKET_PULSE_001.json
2026-05-07 14:40:58,20260507_143955_TRADING_DECISION_001,20260505_020715,,0,claude-opus-4-7,TRADING_DECISION,,32711,4843,0,37554,0.364824,62742,SUCCESS,,16,,MODIFY PNBHOUSING; HOLD PNBHOUSING; HOLD GOLDBEES; MODIFY ADANIPORTS; HOLD HAL; MODIFY NAVINFLUOR; HOLD NAVINFLUOR; MODIFY TITAGARH; HOLD TITAGARH; MODIFY ABCAPITAL; HOLD ABCAPITAL; MODIFY MARICO; HOLD MARICO; HOLD COFORGE; HOLD GRSE; HOLD CAMS,logs/llm/system/system_prompt_facca3483557.txt,logs/llm/prompts/20260507_143955_TRADING_DECISION_001.txt,logs/llm/responses/20260507_143955_TRADING_DECISION_001.json
2026-05-07 14:42:30,20260507_144124_TRADING_DECISION_001,20260505_020715,,0,claude-opus-4-7,TRADING_DECISION,,32809,5058,12831,37867,0.296911,66532,SUCCESS,,17,,MODIFY PNBHOUSING; HOLD PNBHOUSING; HOLD GOLDBEES; MODIFY ADANIPORTS; HOLD ADANIPORTS; MODIFY HAL; HOLD HAL; MODIFY NAVINFLUOR; HOLD NAVINFLUOR; MODIFY TITAGARH; HOLD TITAGARH; HOLD ABCAPITAL; HOLD MARICO; MODIFY COFORGE; HOLD COFORGE; HOLD GRSE; HOLD CAMS,logs/llm/system/system_prompt_facca3483557.txt,logs/llm/prompts/20260507_144124_TRADING_DECISION_001.txt,logs/llm/responses/20260507_144124_TRADING_DECISION_001.json
2026-05-07 14:44:01,20260507_144244_TRADING_DECISION_001,20260505_020715,,0,claude-opus-4-7,TRADING_DECISION,,32626,6054,12831,38680,0.320896,77336,SUCCESS,,21,,MODIFY PNBHOUSING; HOLD PNBHOUSING; HOLD GOLDBEES; MODIFY ADANIPORTS; HOLD ADANIPORTS; MODIFY HAL; HOLD HAL; MODIFY NAVINFLUOR; HOLD NAVINFLUOR; MODIFY TITAGARH; HOLD TITAGARH; MODIFY ABCAPITAL; HOLD ABCAPITAL; MODIFY MARICO; HOLD MARICO; MODIFY COFORGE; HOLD COFORGE; MODIFY GRSE; HOLD GRSE; MODIFY CAMS; HOLD CAMS,logs/llm/system/system_prompt_facca3483557.txt,logs/llm/prompts/20260507_144244_TRADING_DECISION_001.txt,logs/llm/responses/20260507_144244_TRADING_DECISION_001.json
2026-05-07 14:45:13,20260507_144415_TRADING_DECISION_001,20260505_020715,,0,claude-opus-4-7,TRADING_DECISION,,30398,4218,12831,34616,0.263856,57110,SUCCESS,,11,,MODIFY PNBHOUSING; HOLD GOLDBEES; MODIFY ADANIPORTS; HOLD HAL; MODIFY NAVINFLUOR; HOLD TITAGARH; MODIFY ABCAPITAL; HOLD MARICO; HOLD COFORGE; HOLD GRSE; HOLD CAMS,logs/llm/system/system_prompt_facca3483557.txt,logs/llm/prompts/20260507_144415_TRADING_DECISION_001.txt,logs/llm/responses/20260507_144415_TRADING_DECISION_001.json
